source,group,code,comment,blank,comment_share
app/desktop/e2e-native/ci-workflow.test.ts,dedicated-tests,136,22,21,13.92
app/desktop/e2e-native/native-artifacts.test.ts,dedicated-tests,263,18,61,6.41
app/desktop/e2e-native/native-artifacts.ts,dedicated-tests,195,113,21,36.69
app/desktop/e2e-native/native-cleanup-policy.test.ts,dedicated-tests,52,0,4,0.0
app/desktop/e2e-native/native-cleanup-policy.ts,dedicated-tests,30,2,4,6.25
app/desktop/e2e-native/native-fixtures.ts,dedicated-tests,108,0,29,0.0
app/desktop/e2e-native/native-root.test.ts,dedicated-tests,95,0,17,0.0
app/desktop/e2e-native/native-root.ts,dedicated-tests,102,0,11,0.0
app/desktop/e2e-native/package-contract.test.ts,dedicated-tests,96,3,8,3.03
app/desktop/e2e-native/production-dependencies.test.ts,dedicated-tests,16,0,3,0.0
app/desktop/e2e-native/production-dependencies.ts,dedicated-tests,28,0,3,0.0
app/desktop/e2e-native/run-native.ts,dedicated-tests,126,5,12,3.82
app/desktop/e2e-native/runner-policy.test.ts,dedicated-tests,69,0,6,0.0
app/desktop/e2e-native/runner-policy.ts,dedicated-tests,34,0,4,0.0
app/desktop/e2e-native/specs/00-startup.spec.ts,dedicated-tests,20,0,4,0.0
app/desktop/e2e-native/specs/10-authority-lifecycle.spec.ts,dedicated-tests,78,0,9,0.0
app/desktop/e2e-native/specs/20-vault-disk.spec.ts,dedicated-tests,123,0,17,0.0
app/desktop/e2e-native/specs/30-markdown-source.spec.ts,dedicated-tests,202,9,16,4.27
app/desktop/e2e-native/specs/35-external-reconciliation.spec.ts,dedicated-tests,71,0,11,0.0
app/desktop/e2e-native/specs/40-window.spec.ts,dedicated-tests,54,0,6,0.0
app/desktop/e2e-native/specs/50-workspace-ui.spec.ts,dedicated-tests,64,0,12,0.0
app/desktop/e2e-native/specs/60-workspace-restart-seed.spec.ts,dedicated-tests,40,4,5,9.09
app/desktop/e2e-native/specs/61-workspace-restart-assert.spec.ts,dedicated-tests,28,0,4,0.0
app/desktop/e2e-native/specs/native-helpers.ts,dedicated-tests,283,51,36,15.27
app/desktop/e2e-native/tauri-bootstrap.test.ts,dedicated-tests,67,0,8,0.0
app/desktop/e2e-native/tauri-bootstrap.ts,dedicated-tests,65,4,6,5.8
app/desktop/e2e-native/wdio-build.ts,dedicated-tests,42,0,5,0.0
app/desktop/e2e-native/wdio.conf.test.ts,dedicated-tests,178,5,15,2.73
app/desktop/e2e-native/wdio.conf.ts,dedicated-tests,82,12,5,12.77
app/desktop/scripts/assert-production-bundle.mjs,tooling-other,113,14,14,11.02
app/desktop/scripts/assert-production-bundle.node-test.mjs,tooling-other,138,16,9,10.39
app/desktop/scripts/local-updater-harness.mjs,tooling-other,663,5,42,0.75
app/desktop/scripts/local-updater-harness.node-test.mjs,tooling-other,182,0,18,0.0
app/desktop/src/App.test.tsx,dedicated-tests,128,0,19,0.0
app/desktop/src/App.tsx,frontend-production,40,2,3,4.76
app/desktop/src/components/neural/patterns.test.tsx,dedicated-tests,49,0,12,0.0
app/desktop/src/components/neural/patterns.tsx,frontend-production,85,0,7,0.0
app/desktop/src/components/ui/badge.tsx,frontend-production,21,0,2,0.0
app/desktop/src/components/ui/button.tsx,frontend-production,51,0,3,0.0
app/desktop/src/components/ui/dialog.tsx,frontend-production,76,0,7,0.0
app/desktop/src/components/ui/dropdown-menu.tsx,frontend-production,64,0,5,0.0
app/desktop/src/components/ui/icon-button.tsx,frontend-production,34,0,2,0.0
app/desktop/src/components/ui/input.tsx,frontend-production,17,0,1,0.0
app/desktop/src/components/ui/primitives.test.tsx,dedicated-tests,71,0,8,0.0
app/desktop/src/components/ui/progress.tsx,frontend-production,22,0,1,0.0
app/desktop/src/components/ui/separator.tsx,frontend-production,17,0,1,0.0
app/desktop/src/components/ui/skeleton.tsx,frontend-production,8,0,1,0.0
app/desktop/src/components/ui/switch.tsx,frontend-production,20,0,1,0.0
app/desktop/src/components/ui/textarea.tsx,frontend-production,16,0,1,0.0
app/desktop/src/components/ui/toggle.tsx,frontend-production,14,0,2,0.0
app/desktop/src/components/ui/tooltip.tsx,frontend-production,24,0,2,0.0
app/desktop/src/e2e/backlinks-templates.e2e.test.tsx,dedicated-tests,136,7,29,4.9
app/desktop/src/e2e/chat-elicit-resume.e2e.test.tsx,dedicated-tests,128,53,23,29.28
app/desktop/src/e2e/chat-reasoning-affordances.e2e.test.tsx,dedicated-tests,81,25,14,23.58
app/desktop/src/e2e/chat.e2e.test.tsx,dedicated-tests,456,77,67,14.45
app/desktop/src/e2e/explicit-note-states.e2e.test.tsx,dedicated-tests,55,0,14,0.0
app/desktop/src/e2e/external-reload.e2e.test.tsx,dedicated-tests,185,40,32,17.78
app/desktop/src/e2e/graph.e2e.test.tsx,dedicated-tests,280,80,53,22.22
app/desktop/src/e2e/guards-and-errors.e2e.test.tsx,dedicated-tests,114,28,26,19.72
app/desktop/src/e2e/key-change.e2e.test.tsx,dedicated-tests,81,43,22,34.68
app/desktop/src/e2e/local-ai.e2e.test.tsx,dedicated-tests,136,33,22,19.53
app/desktop/src/e2e/menubar.e2e.test.tsx,dedicated-tests,76,12,15,13.64
app/desktop/src/e2e/mockIpcContract.test.ts,dedicated-tests,105,0,20,0.0
app/desktop/src/e2e/mockIpcContract.ts,dedicated-tests,218,4,19,1.8
app/desktop/src/e2e/mockScheduler.test.ts,dedicated-tests,33,0,10,0.0
app/desktop/src/e2e/mockScheduler.ts,dedicated-tests,66,5,12,7.04
app/desktop/src/e2e/mockVault.ts,dedicated-tests,432,70,26,13.94
app/desktop/src/e2e/mockVaultAi.ts,dedicated-tests,281,80,14,22.16
app/desktop/src/e2e/mockVaultChannel.ts,dedicated-tests,42,21,4,33.33
app/desktop/src/e2e/mockVaultChatRuntime.ts,dedicated-tests,296,54,11,15.43
app/desktop/src/e2e/mockVaultDefaults.ts,dedicated-tests,68,5,8,6.85
app/desktop/src/e2e/mockVaultInfrastructure.test.ts,dedicated-tests,225,0,38,0.0
app/desktop/src/e2e/mockVaultNotes.ts,dedicated-tests,147,9,16,5.77
app/desktop/src/e2e/mockVaultTypes.ts,dedicated-tests,109,120,12,52.4
app/desktop/src/e2e/note-crud.e2e.test.tsx,dedicated-tests,181,19,38,9.5
app/desktop/src/e2e/oversized-note.e2e.test.tsx,dedicated-tests,81,32,15,28.32
app/desktop/src/e2e/reasoning-optin.e2e.test.tsx,dedicated-tests,135,61,41,31.12
app/desktop/src/e2e/renderApp.tsx,dedicated-tests,62,12,6,16.22
app/desktop/src/e2e/search.e2e.test.tsx,dedicated-tests,154,24,24,13.48
app/desktop/src/e2e/skills.e2e.test.tsx,dedicated-tests,204,58,35,22.14
app/desktop/src/e2e/tool-approval-journey.e2e.test.tsx,dedicated-tests,141,39,28,21.67
app/desktop/src/e2e/tool-approval.e2e.test.tsx,dedicated-tests,79,21,17,21.0
app/desktop/src/e2e/tree-organization.e2e.test.tsx,dedicated-tests,74,24,15,24.49
app/desktop/src/e2e/update-install-guard.e2e.test.tsx,dedicated-tests,100,11,23,9.91
app/desktop/src/e2e/vault-lifecycle.e2e.test.tsx,dedicated-tests,54,15,19,21.74
app/desktop/src/e2e/youtube-distil.e2e.test.tsx,dedicated-tests,263,10,25,3.66
app/desktop/src/fonts.d.ts,frontend-production,2,2,0,50.0
app/desktop/src/lib/api.test.ts,dedicated-tests,620,10,101,1.59
app/desktop/src/lib/api.ts,frontend-production,251,195,75,43.72
app/desktop/src/lib/approvalStatusFixture.test.ts,dedicated-tests,36,34,9,48.57
app/desktop/src/lib/approvalStatusFixture.ts,dedicated-tests,3,24,2,88.89
app/desktop/src/lib/bindings/AiStatus.ts,generated,8,17,1,68.0
app/desktop/src/lib/bindings/ApiKeyStatus.ts,generated,1,1,1,50.0
app/desktop/src/lib/bindings/AppPreferences.ts,generated,4,1,1,20.0
app/desktop/src/lib/bindings/AppPreferencesLoad.ts,generated,2,6,1,75.0
app/desktop/src/lib/bindings/ApprovalDegradedReason.ts,generated,1,4,1,80.0
app/desktop/src/lib/bindings/ApprovalMode.ts,generated,1,11,1,91.67
app/desktop/src/lib/bindings/ApprovalReason.ts,generated,1,7,1,87.5
app/desktop/src/lib/bindings/ApprovalResolution.ts,generated,1,9,1,90.0
app/desktop/src/lib/bindings/ApprovalRule.ts,generated,1,5,1,83.33
app/desktop/src/lib/bindings/ApprovalStatus.ts,generated,7,28,1,80.0
app/desktop/src/lib/bindings/Backlink.ts,generated,2,8,1,80.0
app/desktop/src/lib/bindings/Backlinks.ts,generated,4,8,1,66.67
app/desktop/src/lib/bindings/CancelChatRunOutcome.ts,generated,2,1,1,33.33
app/desktop/src/lib/bindings/CancelChatRunStatus.ts,generated,1,1,1,50.0
app/desktop/src/lib/bindings/CandidateModel.ts,generated,1,1,1,50.0
app/desktop/src/lib/bindings/ChatEvent.ts,generated,37,137,1,78.74
app/desktop/src/lib/bindings/CoreError.ts,generated,1,1,1,50.0
app/desktop/src/lib/bindings/DirListing.ts,generated,4,16,1,80.0
app/desktop/src/lib/bindings/ElicitOption.ts,generated,1,5,1,83.33
app/desktop/src/lib/bindings/Elicitation.ts,generated,2,4,1,66.67
app/desktop/src/lib/bindings/EntryKind.ts,generated,1,4,1,80.0
app/desktop/src/lib/bindings/FileHit.ts,generated,5,13,1,72.22
app/desktop/src/lib/bindings/FontFamily.ts,generated,1,1,1,50.0
app/desktop/src/lib/bindings/FontScale.ts,generated,1,1,1,50.0
app/desktop/src/lib/bindings/GatedTool.ts,generated,1,15,1,93.75
app/desktop/src/lib/bindings/GraphLink.ts,generated,2,7,1,77.78
app/desktop/src/lib/bindings/GraphNode.ts,generated,3,10,1,76.92
app/desktop/src/lib/bindings/HardwareSpec.ts,generated,1,1,1,50.0
app/desktop/src/lib/bindings/HfModelMeta.ts,generated,1,1,1,50.0
app/desktop/src/lib/bindings/InstalledModel.ts,generated,1,1,1,50.0
app/desktop/src/lib/bindings/KeyChangeOutcome.ts,generated,2,13,1,86.67
app/desktop/src/lib/bindings/LinkGraph.ts,generated,4,9,1,69.23
app/desktop/src/lib/bindings/LocalStatus.ts,generated,1,1,1,50.0
app/desktop/src/lib/bindings/NoteDoc.ts,generated,12,60,1,83.33
app/desktop/src/lib/bindings/NoteKind.ts,generated,1,4,1,80.0
app/desktop/src/lib/bindings/OpenRouterModelChoice.ts,generated,1,1,1,50.0
app/desktop/src/lib/bindings/OpenRouterModelMenu.ts,generated,2,1,1,33.33
app/desktop/src/lib/bindings/OpenRouterStatus.ts,generated,5,42,1,89.36
app/desktop/src/lib/bindings/PlanStep.ts,generated,2,10,1,83.33
app/desktop/src/lib/bindings/PlaylistPosition.ts,generated,3,18,1,85.71
app/desktop/src/lib/bindings/ProviderKind.ts,generated,1,1,1,50.0
app/desktop/src/lib/bindings/PullEvent.ts,generated,1,1,1,50.0
app/desktop/src/lib/bindings/QuarantineRecoveryEntry.ts,generated,2,1,1,33.33
app/desktop/src/lib/bindings/QuarantineRecoveryReport.ts,generated,2,1,1,33.33
app/desktop/src/lib/bindings/QuarantineRecoveryStatus.ts,generated,1,5,1,83.33
app/desktop/src/lib/bindings/ReasoningControl.ts,generated,1,8,1,88.89
app/desktop/src/lib/bindings/ReasoningEffortOverride.ts,generated,3,19,1,86.36
app/desktop/src/lib/bindings/ReasoningSupport.ts,generated,1,5,1,83.33
app/desktop/src/lib/bindings/RecentVault.ts,generated,2,7,1,77.78
app/desktop/src/lib/bindings/Recommendation.ts,generated,1,1,1,50.0
app/desktop/src/lib/bindings/Requirement.ts,generated,1,4,1,80.0
app/desktop/src/lib/bindings/RequirementStatus.ts,generated,1,4,1,80.0
app/desktop/src/lib/bindings/SearchMatch.ts,generated,4,16,1,80.0
app/desktop/src/lib/bindings/SearchResponse.ts,generated,4,11,1,73.33
app/desktop/src/lib/bindings/SkillListing.ts,generated,2,4,1,66.67
app/desktop/src/lib/bindings/SkillRequirement.ts,generated,3,4,1,57.14
app/desktop/src/lib/bindings/StepStatus.ts,generated,1,9,1,90.0
app/desktop/src/lib/bindings/TemplateInfo.ts,generated,3,10,1,76.92
app/desktop/src/lib/bindings/TemplateSettings.ts,generated,1,1,1,50.0
app/desktop/src/lib/bindings/TemplateSettingsSource.ts,generated,1,1,1,50.0
app/desktop/src/lib/bindings/TemplateSettingsStatus.ts,generated,3,1,1,25.0
app/desktop/src/lib/bindings/ThemeId.ts,generated,1,1,1,50.0
app/desktop/src/lib/bindings/ToolStatus.ts,generated,1,45,1,97.83
app/desktop/src/lib/bindings/TreeNode.ts,generated,7,25,1,78.12
app/desktop/src/lib/bindings/UndoFileResult.ts,generated,2,1,1,33.33
app/desktop/src/lib/bindings/UndoFileStatus.ts,generated,1,4,1,80.0
app/desktop/src/lib/bindings/UndoReport.ts,generated,2,1,1,33.33
app/desktop/src/lib/bindings/UnlinkedMention.ts,generated,2,8,1,80.0
app/desktop/src/lib/bindings/Vault.ts,generated,3,11,1,78.57
app/desktop/src/lib/bindings/WorkspaceState.ts,generated,1,1,1,50.0
app/desktop/src/lib/bindings/WorkspaceStateLoad.ts,generated,2,1,1,33.33
app/desktop/src/lib/bindings/events.ts,generated,3,5,1,62.5
app/desktop/src/lib/bindings/markdownExtensions.ts,generated,1,5,1,83.33
app/desktop/src/lib/bindings/menuActions.ts,generated,1,7,1,87.5
app/desktop/src/lib/cn.test.ts,dedicated-tests,19,0,4,0.0
app/desktop/src/lib/cn.ts,frontend-production,5,1,1,16.67
app/desktop/src/lib/gatedToolWireNames.ts,frontend-production,10,19,2,65.52
app/desktop/src/lib/store.test.tsx,dedicated-tests,582,17,104,2.84
app/desktop/src/lib/store.tsx,frontend-production,301,102,29,25.31
app/desktop/src/lib/types.ts,frontend-production,73,28,9,27.72
app/desktop/src/main.tsx,frontend-production,24,0,2,0.0
app/desktop/src/nativeE2eBridge.ts,frontend-production,60,7,5,10.45
app/desktop/src/notifications/QuarantineRecoveryListener.test.tsx,dedicated-tests,60,5,10,7.69
app/desktop/src/notifications/QuarantineRecoveryListener.tsx,frontend-production,43,10,4,18.87
app/desktop/src/notifications/ToastProvider.test.tsx,dedicated-tests,153,0,30,0.0
app/desktop/src/notifications/ToastProvider.timers.test.tsx,dedicated-tests,158,0,27,0.0
app/desktop/src/notifications/ToastProvider.tsx,frontend-production,215,50,28,18.87
app/desktop/src/notifications/ToastViewport.browser.test.tsx,dedicated-tests,299,143,53,32.35
app/desktop/src/notifications/index.test.ts,dedicated-tests,13,0,1,0.0
app/desktop/src/notifications/index.ts,frontend-production,15,0,0,0.0
app/desktop/src/notifications/toast-store.test.ts,dedicated-tests,64,0,9,0.0
app/desktop/src/notifications/toast-store.ts,frontend-production,44,0,12,0.0
app/desktop/src/preferences/preferences.test.tsx,dedicated-tests,245,21,36,7.89
app/desktop/src/preferences/preferences.tsx,frontend-production,128,23,16,15.23
app/desktop/src/test/browserSetup.ts,dedicated-tests,4,0,1,0.0
app/desktop/src/test/characterReads.ts,dedicated-tests,19,46,3,70.77
app/desktop/src/test/contrast.ts,dedicated-tests,31,24,7,43.64
app/desktop/src/test/fakeForceGraph.ts,dedicated-tests,59,13,7,18.06
app/desktop/src/test/publishedParse.ts,dedicated-tests,15,44,4,74.58
app/desktop/src/test/setup.ts,dedicated-tests,35,14,5,28.57
app/desktop/src/test-contracts/markdownCompatibilityBrowserScenarios.test.ts,dedicated-tests,36,0,6,0.0
app/desktop/src/test-contracts/markdownCompatibilityBrowserScenarios.ts,dedicated-tests,34,3,6,8.11
app/desktop/src/test-contracts/markdownCompatibilityV1.test.ts,dedicated-tests,348,30,30,7.94
app/desktop/src/test-contracts/markdownCompatibilityV1.ts,dedicated-tests,940,16,16,1.67
app/desktop/src/themeTokens.test.ts,dedicated-tests,13,4,2,23.53
app/desktop/src/updater/autostart.test.ts,dedicated-tests,41,0,12,0.0
app/desktop/src/updater/autostart.ts,frontend-production,11,2,2,15.38
app/desktop/src/updater/index.test.ts,dedicated-tests,13,0,3,0.0
app/desktop/src/updater/index.ts,frontend-production,11,1,2,8.33
app/desktop/src/updater/platform.test.ts,dedicated-tests,75,0,18,0.0
app/desktop/src/updater/platform.ts,frontend-production,43,0,3,0.0
app/desktop/src/updater/release-config.test.ts,dedicated-tests,54,1,7,1.82
app/desktop/src/updater/service.test.ts,dedicated-tests,204,0,37,0.0
app/desktop/src/updater/service.ts,frontend-production,168,3,18,1.75
app/desktop/src/updates/UpdateCoordinator.test.tsx,dedicated-tests,322,10,63,3.01
app/desktop/src/updates/UpdateCoordinator.tsx,frontend-production,188,61,20,24.5
app/desktop/src/vite-env.d.ts,frontend-production,0,1,0,100.0
app/desktop/src/welcome/AuroraGlow.test.tsx,dedicated-tests,11,0,1,0.0
app/desktop/src/welcome/AuroraGlow.tsx,frontend-production,5,2,0,28.57
app/desktop/src/welcome/BrandHeader.test.tsx,dedicated-tests,22,0,2,0.0
app/desktop/src/welcome/BrandHeader.tsx,frontend-production,20,2,1,9.09
app/desktop/src/welcome/CreateVaultForm.test.tsx,dedicated-tests,52,1,7,1.89
app/desktop/src/welcome/CreateVaultForm.tsx,frontend-production,93,8,6,7.92
app/desktop/src/welcome/RecentList.test.tsx,dedicated-tests,23,0,3,0.0
app/desktop/src/welcome/RecentList.tsx,frontend-production,49,31,2,38.75
app/desktop/src/welcome/VaultActions.test.tsx,dedicated-tests,20,0,2,0.0
app/desktop/src/welcome/VaultActions.tsx,frontend-production,67,3,4,4.29
app/desktop/src/welcome/Welcome.browser.test.tsx,dedicated-tests,203,96,41,32.11
app/desktop/src/welcome/Welcome.test.tsx,dedicated-tests,129,6,21,4.44
app/desktop/src/welcome/Welcome.tsx,frontend-production,107,19,15,15.08
app/desktop/src/whats-new/ReleaseNotesArticle.test.tsx,dedicated-tests,49,15,3,23.44
app/desktop/src/whats-new/ReleaseNotesArticle.tsx,frontend-production,45,0,3,0.0
app/desktop/src/whats-new/WhatsNewModal.tsx,frontend-production,50,0,3,0.0
app/desktop/src/whats-new/releaseNotes.ts,frontend-production,95,12,5,11.21
app/desktop/src/workspace/AiSettingsPage.test.tsx,dedicated-tests,646,88,105,11.99
app/desktop/src/workspace/AiSettingsPage.tsx,frontend-production,152,20,11,11.63
app/desktop/src/workspace/AppearanceSettingsPage.test.tsx,dedicated-tests,59,0,7,0.0
app/desktop/src/workspace/AppearanceSettingsPage.tsx,frontend-production,91,0,7,0.0
app/desktop/src/workspace/ApprovalSettings.test.tsx,dedicated-tests,310,55,78,15.07
app/desktop/src/workspace/ApprovalSettings.tsx,frontend-production,298,48,16,13.87
app/desktop/src/workspace/BacklinksPanel.test.tsx,dedicated-tests,142,5,22,3.4
app/desktop/src/workspace/BacklinksPanel.tsx,frontend-production,214,17,13,7.36
app/desktop/src/workspace/ChatApprovalNode.test.tsx,dedicated-tests,224,29,43,11.46
app/desktop/src/workspace/ChatApprovalNode.tsx,frontend-production,65,30,4,31.58
app/desktop/src/workspace/ChatComposer.tsx,frontend-production,259,109,7,29.62
app/desktop/src/workspace/ChatComposerReasoning.browser.test.tsx,dedicated-tests,208,108,39,34.18
app/desktop/src/workspace/ChatLiveHead.browser.test.tsx,dedicated-tests,294,116,49,28.29
app/desktop/src/workspace/ChatMessages.tsx,frontend-production,208,78,5,27.27
app/desktop/src/workspace/ChatMessagesSkills.test.tsx,dedicated-tests,538,36,51,6.27
app/desktop/src/workspace/ChatModelMenu.test.tsx,dedicated-tests,225,5,45,2.17
app/desktop/src/workspace/ChatModelMenu.tsx,frontend-production,205,3,12,1.44
app/desktop/src/workspace/ChatNoteEditCard.test.tsx,dedicated-tests,273,56,49,17.02
app/desktop/src/workspace/ChatNoteEditCard.tsx,frontend-production,231,128,17,35.65
app/desktop/src/workspace/ChatPane.test.tsx,dedicated-tests,346,36,69,9.42
app/desktop/src/workspace/ChatPane.tsx,frontend-production,214,47,18,18.01
app/desktop/src/workspace/ChatPaneExpand.browser.test.tsx,dedicated-tests,310,167,59,35.01
app/desktop/src/workspace/ChatPaneReasoning.test.tsx,dedicated-tests,489,47,77,8.77
app/desktop/src/workspace/ChatPaneScroll.browser.test.tsx,dedicated-tests,455,177,68,28.01
app/desktop/src/workspace/ChatPaneSkills.test.tsx,dedicated-tests,258,24,45,8.51
app/desktop/src/workspace/ChatPaneTurn.test.tsx,dedicated-tests,735,87,114,10.58
app/desktop/src/workspace/ChatPlanNode.tsx,frontend-production,97,48,3,33.1
app/desktop/src/workspace/ChatSkillChrome.tsx,frontend-production,194,28,13,12.61
app/desktop/src/workspace/ChatSlot.tsx,frontend-production,34,15,2,30.61
app/desktop/src/workspace/ChatSources.tsx,frontend-production,108,5,3,4.42
app/desktop/src/workspace/ChatTimeline.test.tsx,dedicated-tests,759,155,138,16.96
app/desktop/src/workspace/ChatTimeline.tsx,frontend-production,282,203,16,41.86
app/desktop/src/workspace/ChatTimelineNodes.tsx,frontend-production,293,231,20,44.08
app/desktop/src/workspace/ChatTranscript.tsx,frontend-production,83,24,3,22.43
app/desktop/src/workspace/ChatTurnNotices.test.tsx,dedicated-tests,55,19,12,25.68
app/desktop/src/workspace/ChatTurnNotices.tsx,frontend-production,94,58,7,38.16
app/desktop/src/workspace/ChatVideoPreview.tsx,frontend-production,67,57,6,45.97
app/desktop/src/workspace/ConfirmDialog.test.tsx,dedicated-tests,83,3,10,3.49
app/desktop/src/workspace/ConfirmDialog.tsx,frontend-production,63,0,3,0.0
app/desktop/src/workspace/ElicitCard.test.tsx,dedicated-tests,224,14,36,5.88
app/desktop/src/workspace/ElicitCard.tsx,frontend-production,243,51,14,17.35
app/desktop/src/workspace/FileTree.rerender.test.tsx,dedicated-tests,88,24,18,21.43
app/desktop/src/workspace/FileTree.test.tsx,dedicated-tests,695,21,150,2.93
app/desktop/src/workspace/FileTree.tsx,frontend-production,275,72,19,20.75
app/desktop/src/workspace/FileTreeRow.tsx,frontend-production,72,24,3,25.0
app/desktop/src/workspace/FrontmatterProperties.tsx,frontend-production,192,0,10,0.0
app/desktop/src/workspace/GeneralSettingsPage.status.test.tsx,dedicated-tests,160,8,20,4.76
app/desktop/src/workspace/GeneralSettingsPage.test.tsx,dedicated-tests,74,0,11,0.0
app/desktop/src/workspace/GeneralSettingsPage.tsx,frontend-production,117,5,8,4.1
app/desktop/src/workspace/GraphView.test.tsx,dedicated-tests,482,44,69,8.37
app/desktop/src/workspace/GraphView.tsx,frontend-production,197,47,17,19.26
app/desktop/src/workspace/InlineInput.test.tsx,dedicated-tests,54,0,7,0.0
app/desktop/src/workspace/InlineInput.tsx,frontend-production,74,11,7,12.94
app/desktop/src/workspace/KeyChangeCaveat.test.tsx,dedicated-tests,36,19,9,34.55
app/desktop/src/workspace/KeyChangeCaveat.tsx,frontend-production,23,40,3,63.49
app/desktop/src/workspace/KeySetupPanel.tsx,frontend-production,112,9,10,7.44
app/desktop/src/workspace/LocalAiCard.tsx,frontend-production,229,47,21,17.03
app/desktop/src/workspace/LocalAiCatalogue.tsx,frontend-production,174,24,7,12.12
app/desktop/src/workspace/LocalAiInstalled.tsx,frontend-production,104,4,3,3.7
app/desktop/src/workspace/LocalAiOverview.tsx,frontend-production,68,5,4,6.85
app/desktop/src/workspace/Markdown.test.tsx,dedicated-tests,169,2,16,1.17
app/desktop/src/workspace/Markdown.tsx,frontend-production,215,30,16,12.24
app/desktop/src/workspace/MoveToDialog.test.tsx,dedicated-tests,104,7,15,6.31
app/desktop/src/workspace/MoveToDialog.tsx,frontend-production,115,23,8,16.67
app/desktop/src/workspace/NotePane.liveRegions.test.tsx,dedicated-tests,89,13,15,12.75
app/desktop/src/workspace/NotePane.test.tsx,dedicated-tests,266,4,36,1.48
app/desktop/src/workspace/NotePane.tsx,frontend-production,347,38,20,9.87
app/desktop/src/workspace/NotePaneDock.browser.test.tsx,dedicated-tests,266,100,43,27.32
app/desktop/src/workspace/OpenRouterCard.keyChange.test.tsx,dedicated-tests,90,24,26,21.05
app/desktop/src/workspace/OpenRouterCard.tsx,frontend-production,204,51,14,20.0
app/desktop/src/workspace/PaneSplitter.test.tsx,dedicated-tests,179,2,31,1.1
app/desktop/src/workspace/PaneSplitter.tsx,frontend-production,107,6,10,5.31
app/desktop/src/workspace/ProviderCard.tsx,frontend-production,65,9,5,12.16
app/desktop/src/workspace/ProviderPicker.test.tsx,dedicated-tests,46,3,6,6.12
app/desktop/src/workspace/ProviderPicker.tsx,frontend-production,85,6,5,6.59
app/desktop/src/workspace/Reader.test.tsx,dedicated-tests,251,6,32,2.33
app/desktop/src/workspace/Reader.tsx,frontend-production,156,22,17,12.36
app/desktop/src/workspace/ReasoningSettings.browser.test.tsx,dedicated-tests,133,60,29,31.09
app/desktop/src/workspace/ReasoningSettings.test.tsx,dedicated-tests,298,59,72,16.53
app/desktop/src/workspace/ReasoningSettings.tsx,frontend-production,224,148,21,39.78
app/desktop/src/workspace/Ribbon.test.tsx,dedicated-tests,277,0,35,0.0
app/desktop/src/workspace/Ribbon.tsx,frontend-production,152,6,7,3.8
app/desktop/src/workspace/SearchPanel.test.tsx,dedicated-tests,330,14,52,4.07
app/desktop/src/workspace/SearchPanel.tsx,frontend-production,275,33,18,10.71
app/desktop/src/workspace/SettingsModal.test.tsx,dedicated-tests,160,8,33,4.76
app/desktop/src/workspace/SettingsModal.tsx,frontend-production,178,6,8,3.26
app/desktop/src/workspace/SkillCard.tsx,frontend-production,123,17,6,12.14
app/desktop/src/workspace/SkillPicker.tsx,frontend-production,115,20,5,14.81
app/desktop/src/workspace/SkillReportCard.test.tsx,dedicated-tests,296,54,44,15.43
app/desktop/src/workspace/SkillReportCard.tsx,frontend-production,283,78,22,21.61
app/desktop/src/workspace/SkillRequirementRow.tsx,frontend-production,179,34,11,15.96
app/desktop/src/workspace/SkillsSettingsPage.test.tsx,dedicated-tests,294,32,51,9.82
app/desktop/src/workspace/SkillsSettingsPage.tsx,frontend-production,155,43,16,21.72
app/desktop/src/workspace/SourceNoteEditor.browser.test.tsx,dedicated-tests,753,25,124,3.21
app/desktop/src/workspace/SourceNoteEditor.tableMetrics.test.tsx,dedicated-tests,144,61,31,29.76
app/desktop/src/workspace/SourceNoteEditor.tableWiring.browser.test.tsx,dedicated-tests,224,120,54,34.88
app/desktop/src/workspace/SourceNoteEditor.test.tsx,dedicated-tests,1046,21,121,1.97
app/desktop/src/workspace/SourceNoteEditor.tsx,frontend-production,351,23,16,6.15
app/desktop/src/workspace/StatusBar.test.tsx,dedicated-tests,100,2,13,1.96
app/desktop/src/workspace/StatusBar.tsx,frontend-production,92,32,7,25.81
app/desktop/src/workspace/StatusBar.vaultRead.test.tsx,dedicated-tests,72,15,19,17.24
app/desktop/src/workspace/TemplateInsertDialog.test.tsx,dedicated-tests,117,2,20,1.68
app/desktop/src/workspace/TemplateInsertDialog.tsx,frontend-production,225,6,9,2.6
app/desktop/src/workspace/TemplatesSettingsPage.test.tsx,dedicated-tests,151,0,31,0.0
app/desktop/src/workspace/TemplatesSettingsPage.tsx,frontend-production,179,1,15,0.56
app/desktop/src/workspace/TitleBar.browser.test.tsx,dedicated-tests,309,114,63,26.95
app/desktop/src/workspace/TitleBar.test.tsx,dedicated-tests,424,38,66,8.23
app/desktop/src/workspace/TitleBar.tsx,frontend-production,384,75,37,16.34
app/desktop/src/workspace/ToolApprovalSheet.test.tsx,dedicated-tests,197,26,54,11.66
app/desktop/src/workspace/ToolApprovalSheet.tsx,frontend-production,130,64,11,32.99
app/desktop/src/workspace/TreeRow.tsx,frontend-production,350,49,19,12.28
app/desktop/src/workspace/VaultMenu.test.tsx,dedicated-tests,52,0,8,0.0
app/desktop/src/workspace/VaultMenu.tsx,frontend-production,109,0,4,0.0
app/desktop/src/workspace/Workspace.test.tsx,dedicated-tests,1832,66,234,3.48
app/desktop/src/workspace/Workspace.tsx,frontend-production,349,58,30,14.25
app/desktop/src/workspace/WorkspacePanes.tsx,frontend-production,226,16,3,6.61
app/desktop/src/workspace/YoloConfirmDialog.tsx,frontend-production,53,33,4,38.37
app/desktop/src/workspace/approvalCopy.test.ts,dedicated-tests,27,40,11,59.7
app/desktop/src/workspace/approvalCopy.ts,frontend-production,262,114,34,30.32
app/desktop/src/workspace/chatHistory.test.ts,dedicated-tests,137,15,17,9.87
app/desktop/src/workspace/chatHistory.ts,frontend-production,82,33,8,28.7
app/desktop/src/workspace/chatMessage.test.ts,dedicated-tests,369,35,58,8.66
app/desktop/src/workspace/chatMessage.ts,frontend-production,194,183,21,48.54
app/desktop/src/workspace/chatMessageApproval.test.ts,dedicated-tests,167,13,17,7.22
app/desktop/src/workspace/chatMessageLive.test.ts,dedicated-tests,145,32,34,18.08
app/desktop/src/workspace/chatMessagePlan.test.ts,dedicated-tests,125,29,28,18.83
app/desktop/src/workspace/chatMessageReducer.ts,frontend-production,416,173,12,29.37
app/desktop/src/workspace/chatMessageToolTimeline.test.ts,dedicated-tests,223,35,28,13.57
app/desktop/src/workspace/chatPaneTestHarness.tsx,dedicated-tests,196,31,12,13.66
app/desktop/src/workspace/chatRow.ts,frontend-production,2,6,0,75.0
app/desktop/src/workspace/chatTimelineRows.test.ts,dedicated-tests,200,38,29,15.97
app/desktop/src/workspace/chatTimelineRows.ts,frontend-production,116,90,14,43.69
app/desktop/src/workspace/chatTurnReadouts.test.ts,dedicated-tests,277,72,45,20.63
app/desktop/src/workspace/chatTurnReadouts.ts,frontend-production,112,90,12,44.55
app/desktop/src/workspace/chatTurnStream.test.ts,dedicated-tests,104,15,12,12.61
app/desktop/src/workspace/chatTurnStream.ts,frontend-production,72,45,5,38.46
app/desktop/src/workspace/credentialCopy.test.tsx,dedicated-tests,73,18,12,19.78
app/desktop/src/workspace/credentialCopy.ts,frontend-production,4,15,1,78.95
app/desktop/src/workspace/editorTypography.browser.test.tsx,dedicated-tests,36,9,9,20.0
app/desktop/src/workspace/fileMeta.test.ts,dedicated-tests,163,2,10,1.21
app/desktop/src/workspace/fileMeta.ts,frontend-production,117,36,17,23.53
app/desktop/src/workspace/filterTree.test.ts,dedicated-tests,90,5,21,5.26
app/desktop/src/workspace/filterTree.ts,frontend-production,19,14,3,42.42
app/desktop/src/workspace/flattenTree.test.ts,dedicated-tests,224,16,23,6.67
app/desktop/src/workspace/flattenTree.ts,frontend-production,61,44,8,41.9
app/desktop/src/workspace/galaxy/GalaxyLegend.tsx,frontend-production,59,10,2,14.49
app/desktop/src/workspace/galaxy/GalaxyNotePreview.browser.test.tsx,dedicated-tests,243,13,23,5.08
app/desktop/src/workspace/galaxy/GalaxyNotePreview.test.tsx,dedicated-tests,213,3,46,1.39
app/desktop/src/workspace/galaxy/GalaxyNotePreview.tsx,frontend-production,474,11,24,2.27
app/desktop/src/workspace/galaxy/GalaxyToolbar.tsx,frontend-production,130,5,5,3.7
app/desktop/src/workspace/galaxy/NeuralGalaxy.browser.test.tsx,dedicated-tests,146,0,16,0.0
app/desktop/src/workspace/galaxy/NeuralGalaxy.test.tsx,dedicated-tests,639,35,103,5.19
app/desktop/src/workspace/galaxy/NeuralGalaxy.tsx,frontend-production,237,57,23,19.39
app/desktop/src/workspace/galaxy/galaxyForces.ts,frontend-production,65,25,9,27.78
app/desktop/src/workspace/galaxy/galaxyLinks.ts,frontend-production,17,18,4,51.43
app/desktop/src/workspace/galaxy/galaxyText.ts,frontend-production,3,2,1,40.0
app/desktop/src/workspace/galaxy/galaxyTooltip.ts,frontend-production,15,16,3,51.61
app/desktop/src/workspace/galaxy/galaxyTypes.ts,frontend-production,6,4,2,40.0
app/desktop/src/workspace/galaxy/graph.ts,frontend-production,20,18,3,47.37
app/desktop/src/workspace/galaxy/nodeChrome.test.ts,dedicated-tests,65,9,13,12.16
app/desktop/src/workspace/galaxy/nodeChrome.ts,frontend-production,82,51,14,38.35
app/desktop/src/workspace/galaxy/nodeRegistry.test.ts,dedicated-tests,34,0,8,0.0
app/desktop/src/workspace/galaxy/nodeRegistry.ts,frontend-production,26,21,8,44.68
app/desktop/src/workspace/galaxy/notePreviewModel.test.ts,dedicated-tests,248,8,49,3.12
app/desktop/src/workspace/galaxy/notePreviewModel.ts,frontend-production,360,51,44,12.41
app/desktop/src/workspace/galaxy/starNode.test.ts,dedicated-tests,55,5,14,8.33
app/desktop/src/workspace/galaxy/starNode.ts,frontend-production,100,26,8,20.63
app/desktop/src/workspace/galaxy/starfield.glsl.ts,frontend-production,45,29,6,39.19
app/desktop/src/workspace/galaxy/useGalaxyCamera.ts,frontend-production,177,31,14,14.9
app/desktop/src/workspace/galaxy/useGalaxyScene.ts,frontend-production,67,29,12,30.21
app/desktop/src/workspace/galaxy/useHoverFocus.ts,frontend-production,90,26,10,22.41
app/desktop/src/workspace/graphTransform.fixture.ts,dedicated-tests,35,28,10,44.44
app/desktop/src/workspace/graphTransform.perf.test.ts,dedicated-tests,53,11,8,17.19
app/desktop/src/workspace/graphTransform.test.ts,dedicated-tests,289,30,31,9.4
app/desktop/src/workspace/graphTransform.ts,frontend-production,165,60,22,26.67
app/desktop/src/workspace/linkResolve.test.ts,dedicated-tests,145,0,20,0.0
app/desktop/src/workspace/linkResolve.ts,frontend-production,133,5,18,3.62
app/desktop/src/workspace/loadedTree.test.ts,dedicated-tests,92,10,12,9.8
app/desktop/src/workspace/loadedTree.ts,frontend-production,45,26,4,36.62
app/desktop/src/workspace/localAiFormat.ts,frontend-production,3,5,1,62.5
app/desktop/src/workspace/localAiTypes.ts,frontend-production,12,9,3,42.86
app/desktop/src/workspace/markdownFormat.test.ts,dedicated-tests,118,3,19,2.48
app/desktop/src/workspace/markdownFormat.ts,frontend-production,102,40,13,28.17
app/desktop/src/workspace/noteTabsReducer.ts,frontend-production,297,18,15,5.71
app/desktop/src/workspace/obsidianLivePreview.test.ts,dedicated-tests,389,126,75,24.47
app/desktop/src/workspace/obsidianLivePreview.ts,frontend-production,363,122,32,25.15
app/desktop/src/workspace/obsidianTag.test.ts,dedicated-tests,20,0,3,0.0
app/desktop/src/workspace/obsidianTag.ts,frontend-production,25,0,3,0.0
app/desktop/src/workspace/reasoningSupport.test.ts,dedicated-tests,68,12,11,15.0
app/desktop/src/workspace/reasoningSupport.ts,frontend-production,26,33,4,55.93
app/desktop/src/workspace/remarkWikilink.test.ts,dedicated-tests,104,4,17,3.7
app/desktop/src/workspace/remarkWikilink.ts,frontend-production,77,18,14,18.95
app/desktop/src/workspace/skillAutocomplete.test.ts,dedicated-tests,74,9,15,10.84
app/desktop/src/workspace/skillAutocomplete.ts,frontend-production,51,27,5,34.62
app/desktop/src/workspace/sourceDocumentTitle.redos.test.ts,dedicated-tests,127,54,23,29.83
app/desktop/src/workspace/sourceDocumentTitle.test.ts,dedicated-tests,55,0,6,0.0
app/desktop/src/workspace/sourceDocumentTitle.ts,frontend-production,105,38,16,26.57
app/desktop/src/workspace/sourceEditorCellPaintParity.test.ts,dedicated-tests,117,60,21,33.9
app/desktop/src/workspace/sourceEditorCellPaintPlan.redos.test.ts,dedicated-tests,146,68,24,31.78
app/desktop/src/workspace/sourceEditorCellPaintPlan.test.ts,dedicated-tests,372,42,73,10.14
app/desktop/src/workspace/sourceEditorCellPaintPlan.ts,frontend-production,351,186,46,34.64
app/desktop/src/workspace/sourceEditorDecorations.test.ts,dedicated-tests,442,74,84,14.34
app/desktop/src/workspace/sourceEditorDecorations.ts,frontend-production,366,148,33,28.79
app/desktop/src/workspace/sourceEditorDecorationsPreview.ts,frontend-production,249,55,17,18.09
app/desktop/src/workspace/sourceEditorDecorationsRanges.ts,frontend-production,38,0,3,0.0
app/desktop/src/workspace/sourceEditorDecorationsTypes.ts,frontend-production,20,1,3,4.76
app/desktop/src/workspace/sourceEditorDecorationsWidgets.ts,frontend-production,194,42,32,17.8
app/desktop/src/workspace/sourceEditorEmojiWidth.browser.test.ts,dedicated-tests,36,55,10,60.44
app/desktop/src/workspace/sourceEditorFormatting.test.ts,dedicated-tests,33,0,6,0.0
app/desktop/src/workspace/sourceEditorFormatting.ts,frontend-production,59,0,6,0.0
app/desktop/src/workspace/sourceEditorPerformance.test.ts,dedicated-tests,94,61,17,39.35
app/desktop/src/workspace/sourceEditorPreviewErrorChannels.test.ts,dedicated-tests,110,45,20,29.03
app/desktop/src/workspace/sourceEditorPreviewErrorReporter.test.ts,dedicated-tests,43,9,16,17.31
app/desktop/src/workspace/sourceEditorPreviewErrorReporter.ts,frontend-production,14,27,2,65.85
app/desktop/src/workspace/sourceEditorSession.test.ts,dedicated-tests,85,0,15,0.0
app/desktop/src/workspace/sourceEditorSession.ts,frontend-production,68,0,10,0.0
app/desktop/src/workspace/sourceEditorTable.browser.test.tsx,dedicated-tests,107,89,25,45.41
app/desktop/src/workspace/sourceEditorTableCommands.test.ts,dedicated-tests,401,115,88,22.29
app/desktop/src/workspace/sourceEditorTableCommands.ts,frontend-production,246,228,39,48.1
app/desktop/src/workspace/sourceEditorTableContractFixture.test.ts,dedicated-tests,197,24,36,10.86
app/desktop/src/workspace/sourceEditorTableContractFixture.ts,dedicated-tests,249,133,30,34.82
app/desktop/src/workspace/sourceEditorTableDelimiterGuard.test.ts,dedicated-tests,302,93,73,23.54
app/desktop/src/workspace/sourceEditorTableDelimiterGuard.ts,frontend-production,110,137,16,55.47
app/desktop/src/workspace/sourceEditorTableFailure.test.tsx,dedicated-tests,176,60,34,25.42
app/desktop/src/workspace/sourceEditorTableIntegrity.test.ts,dedicated-tests,198,73,25,26.94
app/desktop/src/workspace/sourceEditorTableKeymap.test.ts,dedicated-tests,235,147,46,38.48
app/desktop/src/workspace/sourceEditorTableMeasurement.ts,frontend-production,31,56,5,64.37
app/desktop/src/workspace/sourceEditorTableModel.test.ts,dedicated-tests,340,60,79,15.0
app/desktop/src/workspace/sourceEditorTableModel.ts,frontend-production,361,202,58,35.88
app/desktop/src/workspace/sourceEditorTableRender.test.ts,dedicated-tests,314,114,61,26.64
app/desktop/src/workspace/sourceEditorTableReveal.test.ts,dedicated-tests,145,44,28,23.28
app/desktop/src/workspace/sourceEditorTableReveal.ts,frontend-production,47,47,7,50.0
app/desktop/src/workspace/sourceEditorTableScrollSync.browser.test.ts,dedicated-tests,689,235,137,25.43
app/desktop/src/workspace/sourceEditorTableScrollSync.test.ts,dedicated-tests,218,72,54,24.83
app/desktop/src/workspace/sourceEditorTableScrollSync.ts,frontend-production,253,287,47,53.15
app/desktop/src/workspace/sourceEditorTableVisual.browser.test.ts,dedicated-tests,835,194,102,18.85
app/desktop/src/workspace/sourceEditorTextMetrics.browser.test.tsx,dedicated-tests,340,129,56,27.51
app/desktop/src/workspace/sourceEditorTextMetrics.test.ts,dedicated-tests,234,42,70,15.22
app/desktop/src/workspace/sourceEditorTextMetrics.ts,frontend-production,216,175,41,44.76
app/desktop/src/workspace/sourceFrontmatterPreview.test.ts,dedicated-tests,16,0,2,0.0
app/desktop/src/workspace/sourceFrontmatterPreview.ts,frontend-production,281,14,26,4.75
app/desktop/src/workspace/sourceText.test.ts,dedicated-tests,201,15,37,6.94
app/desktop/src/workspace/sourceText.ts,frontend-production,180,11,26,5.76
app/desktop/src/workspace/sourceTitlePlaceholder.ts,frontend-production,82,0,10,0.0
app/desktop/src/workspace/templateFormat.test.ts,dedicated-tests,16,0,2,0.0
app/desktop/src/workspace/templateFormat.ts,frontend-production,66,0,3,0.0
app/desktop/src/workspace/treeState.test.ts,dedicated-tests,59,5,10,7.81
app/desktop/src/workspace/treeState.ts,frontend-production,22,27,4,55.1
app/desktop/src/workspace/turnLiveness.test.ts,dedicated-tests,63,21,19,25.0
app/desktop/src/workspace/turnLiveness.ts,frontend-production,37,50,7,57.47
app/desktop/src/workspace/useChatPaneChat.ts,frontend-production,112,32,7,22.22
app/desktop/src/workspace/useChatPaneComposer.ts,frontend-production,275,62,23,18.4
app/desktop/src/workspace/useChatPaneProvider.test.tsx,dedicated-tests,132,18,26,12.0
app/desktop/src/workspace/useChatPaneProvider.ts,frontend-production,253,125,20,33.07
app/desktop/src/workspace/useFileTreeCrud.ts,frontend-production,130,34,11,20.73
app/desktop/src/workspace/useFileTreeMove.ts,frontend-production,96,20,9,17.24
app/desktop/src/workspace/useNoteTabs.test.ts,dedicated-tests,639,29,84,4.34
app/desktop/src/workspace/useNoteTabs.ts,frontend-production,259,33,19,11.3
app/desktop/src/workspace/useOpenNote.ts,frontend-production,24,3,1,11.11
app/desktop/src/workspace/useStickyScroll.test.tsx,dedicated-tests,206,34,53,14.17
app/desktop/src/workspace/useStickyScroll.ts,frontend-production,123,90,18,42.25
app/desktop/src/workspace/useTurnLiveness.test.tsx,dedicated-tests,80,6,19,6.98
app/desktop/src/workspace/useVaultTree.test.ts,dedicated-tests,221,21,61,8.68
app/desktop/src/workspace/useVaultTree.ts,frontend-production,65,69,12,51.49
app/desktop/src/workspace/useWorkspaceLayout.ts,frontend-production,156,30,10,16.13
app/desktop/src/workspace/useWorkspaceLifecycle.ts,frontend-production,339,39,23,10.32
app/desktop/src/workspace/useWorkspaceMenu.ts,frontend-production,170,42,7,19.81
app/desktop/src/workspace/wikilinkAutocomplete.test.ts,dedicated-tests,99,2,17,1.98
app/desktop/src/workspace/wikilinkAutocomplete.ts,frontend-production,69,21,9,23.33
app/desktop/src/workspace/wikilinkCompletion.test.ts,dedicated-tests,137,22,20,13.84
app/desktop/src/workspace/wikilinkCompletion.ts,frontend-production,93,11,9,10.58
app/desktop/src/workspace/workspaceIntents.ts,frontend-production,109,22,10,16.79
app/desktop/src/workspace/workspaceLayout.test.ts,dedicated-tests,427,31,37,6.77
app/desktop/src/workspace/workspaceLayout.ts,frontend-production,201,31,17,13.36
app/desktop/src/workspace/workspaceStateWriter.test.ts,dedicated-tests,58,0,13,0.0
app/desktop/src/workspace/workspaceStateWriter.ts,frontend-production,57,1,6,1.72
app/desktop/src/workspace/youtubeTimestamp.test.ts,dedicated-tests,19,3,4,13.64
app/desktop/src/workspace/youtubeTimestamp.ts,frontend-production,34,3,4,8.11
app/desktop/src-tauri/build.rs,tooling-other,9,13,0,59.09
app/desktop/src-tauri/src/ai.rs,rust-inline-tests,1805,394,215,17.92
app/desktop/src-tauri/src/ai.rs,rust-production,755,412,2515,35.3
app/desktop/src-tauri/src/ai_key_revision_tests.rs,dedicated-tests,257,81,36,23.96
app/desktop/src-tauri/src/authorized_paths.rs,rust-inline-tests,82,5,12,5.75
app/desktop/src-tauri/src/authorized_paths.rs,rust-production,30,25,105,45.45
app/desktop/src-tauri/src/commands/ai.rs,rust-inline-tests,1676,122,189,6.79
app/desktop/src-tauri/src/commands/ai.rs,rust-production,1396,361,2089,20.55
app/desktop/src-tauri/src/commands/lifecycle.rs,rust-production,5,5,2,50.0
app/desktop/src-tauri/src/commands/mod.rs,rust-production,6,7,1,53.85
app/desktop/src-tauri/src/commands/preferences.rs,rust-production,18,1,4,5.26
app/desktop/src-tauri/src/commands/templates.rs,rust-production,50,1,6,1.96
app/desktop/src-tauri/src/commands/vault.rs,rust-inline-tests,59,22,11,27.16
app/desktop/src-tauri/src/commands/vault.rs,rust-production,378,124,130,24.7
app/desktop/src-tauri/src/commands/workspace_state.rs,rust-production,21,1,5,4.55
app/desktop/src-tauri/src/event_names.rs,rust-inline-tests,19,11,4,36.67
app/desktop/src-tauri/src/event_names.rs,rust-production,3,17,37,85.0
app/desktop/src-tauri/src/key_revision.rs,rust-production,155,110,25,41.51
app/desktop/src-tauri/src/key_revision_tests.rs,dedicated-tests,246,47,51,16.04
app/desktop/src-tauri/src/lib.rs,rust-inline-tests,88,15,9,14.56
app/desktop/src-tauri/src/lib.rs,rust-production,289,97,133,25.13
app/desktop/src-tauri/src/local.rs,rust-inline-tests,280,39,34,12.23
app/desktop/src-tauri/src/local.rs,rust-production,624,178,428,22.19
app/desktop/src-tauri/src/macho_fixtures.rs,dedicated-tests,176,33,16,15.79
app/desktop/src-tauri/src/macho_linkage.rs,rust-production,210,99,18,32.04
app/desktop/src-tauri/src/macho_linkage_tests.rs,dedicated-tests,381,51,56,11.81
app/desktop/src-tauri/src/main.rs,rust-production,4,1,1,20.0
app/desktop/src-tauri/src/menu.rs,rust-inline-tests,94,31,14,24.8
app/desktop/src-tauri/src/menu.rs,rust-production,300,67,164,18.26
app/desktop/src-tauri/src/native_e2e.rs,rust-inline-tests,227,0,25,0.0
app/desktop/src-tauri/src/native_e2e.rs,rust-production,319,8,276,2.45
app/desktop/src-tauri/src/openrouter_catalogue.rs,rust-production,276,3,30,1.08
app/desktop/src-tauri/src/openrouter_catalogue_contract_tests.rs,dedicated-tests,256,6,31,2.29
app/desktop/src-tauri/src/provider_config_mutation.rs,rust-inline-tests,114,0,9,0.0
app/desktop/src-tauri/src/provider_config_mutation.rs,rust-production,201,12,148,5.63
app/desktop/src-tauri/src/requirement_detection.rs,rust-production,111,35,15,23.97
app/desktop/src-tauri/src/requirement_detection_tests.rs,dedicated-tests,111,16,20,12.6
app/desktop/src-tauri/src/requirement_download.rs,rust-inline-tests,15,0,4,0.0
app/desktop/src-tauri/src/requirement_download.rs,rust-production,278,22,36,7.33
app/desktop/src-tauri/src/requirement_install_lock.rs,rust-production,77,4,10,4.94
app/desktop/src-tauri/src/requirement_installer.rs,rust-production,393,46,27,10.48
app/desktop/src-tauri/src/requirement_installer_lock_tests.rs,dedicated-tests,132,12,16,8.33
app/desktop/src-tauri/src/requirement_installer_tests.rs,dedicated-tests,472,23,60,4.65
app/desktop/src-tauri/src/requirement_source_build.rs,rust-production,541,35,19,6.08
app/desktop/src-tauri/src/requirement_source_build_live.rs,rust-production,195,43,22,18.07
app/desktop/src-tauri/src/requirement_source_build_tests.rs,dedicated-tests,164,21,21,11.35
app/desktop/src-tauri/src/skills/approval.rs,rust-inline-tests,387,86,35,18.18
app/desktop/src-tauri/src/skills/approval.rs,rust-production,225,184,535,44.99
app/desktop/src-tauri/src/skills/elicitation.rs,rust-inline-tests,715,8,97,1.11
app/desktop/src-tauri/src/skills/elicitation.rs,rust-production,443,63,863,12.45
app/desktop/src-tauri/src/skills/mod.rs,rust-production,509,40,49,7.29
app/desktop/src-tauri/src/skills/note_writer.rs,rust-inline-tests,741,23,93,3.01
app/desktop/src-tauri/src/skills/note_writer.rs,rust-production,1178,164,937,12.22
app/desktop/src-tauri/src/skills/note_writer_unsupported.rs,rust-production,22,3,5,12.0
app/desktop/src-tauri/src/skills/profile_io.rs,rust-production,559,21,61,3.62
app/desktop/src-tauri/src/skills/quarantine_recovery.rs,rust-inline-tests,473,16,59,3.27
app/desktop/src-tauri/src/skills/quarantine_recovery.rs,rust-production,550,164,598,22.97
app/desktop/src-tauri/src/skills/undo.rs,rust-production,563,35,59,5.85
app/desktop/src-tauri/src/vault_mutation.rs,rust-inline-tests,40,0,8,0.0
app/desktop/src-tauri/src/vault_mutation.rs,rust-production,24,4,53,14.29
app/desktop/src-tauri/src/youtube/audio_coverage_harness.rs,rust-production,130,14,8,9.72
app/desktop/src-tauri/src/youtube/live_eval.rs,dedicated-tests,134,14,15,9.46
app/desktop/src-tauri/src/youtube/live_tests.rs,dedicated-tests,94,3,5,3.09
app/desktop/src-tauri/src/youtube/mod.rs,rust-production,73,3,18,3.95
app/desktop/src-tauri/src/youtube/pot.rs,rust-production,505,3,52,0.59
app/desktop/src-tauri/src/youtube/pot_protocol.rs,rust-production,173,0,11,0.0
app/desktop/src-tauri/src/youtube/pot_runtime.rs,rust-production,187,0,19,0.0
app/desktop/src-tauri/src/youtube/pot_tests.rs,dedicated-tests,750,2,84,0.27
app/desktop/src-tauri/src/youtube/process.rs,rust-production,121,0,11,0.0
app/desktop/src-tauri/src/youtube/process_runtime.rs,rust-production,244,2,12,0.81
app/desktop/src-tauri/src/youtube/process_tests.rs,dedicated-tests,326,105,38,24.36
app/desktop/src-tauri/src/youtube/service.rs,rust-production,276,4,16,1.43
app/desktop/src-tauri/src/youtube/service_files.rs,rust-production,114,0,7,0.0
app/desktop/src-tauri/src/youtube/service_files_tests.rs,dedicated-tests,53,0,10,0.0
app/desktop/src-tauri/src/youtube/service_process.rs,rust-production,241,2,13,0.82
app/desktop/src-tauri/src/youtube/service_tests.rs,dedicated-tests,439,0,51,0.0
app/desktop/src-tauri/src/youtube/service_url_tests.rs,dedicated-tests,17,0,2,0.0
app/desktop/src-tauri/src/youtube/thumbnail.rs,rust-production,210,19,16,8.3
app/desktop/src-tauri/src/youtube/thumbnail_tests.rs,dedicated-tests,136,5,17,3.55
app/desktop/src-tauri/src/youtube/transcription.rs,rust-production,109,0,2,0.0
app/desktop/src-tauri/src/youtube/whisper.rs,rust-production,180,4,15,2.17
app/desktop/src-tauri/src/youtube/whisper_tests.rs,dedicated-tests,161,0,27,0.0
app/desktop/src-tauri/src/youtube/workspace.rs,rust-production,189,4,15,2.07
app/desktop/src-tauri/src/youtube/workspace_tests.rs,dedicated-tests,90,0,14,0.0
app/desktop/src-tauri/src/youtube/ytdlp.rs,rust-production,189,6,13,3.08
app/desktop/src-tauri/src/youtube/ytdlp_tests.rs,dedicated-tests,174,0,20,0.0
app/desktop/src-tauri/tests/behavioural_eval.rs,dedicated-tests,371,49,34,11.67
app/desktop/vite.config.ts,tooling-other,30,10,3,25.0
app/desktop/vitest.browser.config.ts,tooling-other,55,41,2,42.71
app/desktop/vitest.config.ts,tooling-other,32,15,1,31.91
crates/neuralnote-core/src/ai/approval/classifier.rs,rust-inline-tests,117,25,11,17.61
crates/neuralnote-core/src/ai/approval/classifier.rs,rust-production,84,67,173,44.37
crates/neuralnote-core/src/ai/approval/digest.rs,rust-inline-tests,36,5,6,12.2
crates/neuralnote-core/src/ai/approval/digest.rs,rust-production,59,40,56,40.4
crates/neuralnote-core/src/ai/approval/gate.rs,rust-production,355,116,33,24.63
crates/neuralnote-core/src/ai/approval/gated.rs,rust-inline-tests,148,60,12,28.85
crates/neuralnote-core/src/ai/approval/gated.rs,rust-production,105,133,233,55.88
crates/neuralnote-core/src/ai/approval/mod.rs,rust-production,32,43,2,57.33
crates/neuralnote-core/src/ai/approval/mode.rs,rust-inline-tests,122,6,11,4.69
crates/neuralnote-core/src/ai/approval/mode.rs,rust-production,45,47,144,51.09
crates/neuralnote-core/src/ai/approval/outcome.rs,rust-inline-tests,92,5,9,5.15
crates/neuralnote-core/src/ai/approval/outcome.rs,rust-production,101,72,122,41.62
crates/neuralnote-core/src/ai/approval/subject.rs,rust-inline-tests,354,53,26,13.02
crates/neuralnote-core/src/ai/approval/subject.rs,rust-production,224,193,455,46.28
crates/neuralnote-core/src/ai/call_channel.rs,rust-production,29,31,6,51.67
crates/neuralnote-core/src/ai/capabilities/ollama.rs,rust-production,21,10,7,32.26
crates/neuralnote-core/src/ai/capabilities/openrouter.rs,rust-production,149,89,16,37.39
crates/neuralnote-core/src/ai/capabilities/tests.rs,dedicated-tests,959,180,110,15.8
crates/neuralnote-core/src/ai/capabilities.rs,rust-production,227,220,25,49.22
crates/neuralnote-core/src/ai/elicitation.rs,rust-production,81,6,9,6.9
crates/neuralnote-core/src/ai/events.rs,rust-inline-tests,663,38,43,5.42
crates/neuralnote-core/src/ai/events.rs,rust-production,194,329,756,62.91
crates/neuralnote-core/src/ai/evidence.rs,rust-inline-tests,127,14,11,9.93
crates/neuralnote-core/src/ai/evidence.rs,rust-production,46,46,160,50.0
crates/neuralnote-core/src/ai/llm.rs,rust-inline-tests,49,1,6,2.0
crates/neuralnote-core/src/ai/llm.rs,rust-production,119,76,74,38.97
crates/neuralnote-core/src/ai/local/hf.rs,rust-inline-tests,57,0,9,0.0
crates/neuralnote-core/src/ai/local/hf.rs,rust-production,42,4,72,8.7
crates/neuralnote-core/src/ai/local/mod.rs,rust-inline-tests,227,24,24,9.56
crates/neuralnote-core/src/ai/local/mod.rs,rust-production,169,69,289,28.99
crates/neuralnote-core/src/ai/local/pull.rs,rust-inline-tests,323,22,32,6.38
crates/neuralnote-core/src/ai/local/pull.rs,rust-production,136,51,395,27.27
crates/neuralnote-core/src/ai/local/tags.rs,rust-inline-tests,42,0,5,0.0
crates/neuralnote-core/src/ai/local/tags.rs,rust-production,51,4,54,7.27
crates/neuralnote-core/src/ai/mod.rs,rust-production,92,15,2,14.02
crates/neuralnote-core/src/ai/openai.rs,rust-inline-tests,908,142,87,13.52
crates/neuralnote-core/src/ai/openai.rs,rust-production,576,305,1187,34.62
crates/neuralnote-core/src/ai/openrouter_catalogue.rs,rust-inline-tests,526,0,68,0.0
crates/neuralnote-core/src/ai/openrouter_catalogue.rs,rust-production,289,8,626,2.69
crates/neuralnote-core/src/ai/orchestrator/citations.rs,rust-production,58,16,4,21.62
crates/neuralnote-core/src/ai/orchestrator/collect.rs,rust-production,180,117,12,39.39
crates/neuralnote-core/src/ai/orchestrator/context_budget.rs,rust-production,175,127,23,42.05
crates/neuralnote-core/src/ai/orchestrator/coverage.rs,rust-production,29,10,6,25.64
crates/neuralnote-core/src/ai/orchestrator/history.rs,rust-production,58,34,6,36.96
crates/neuralnote-core/src/ai/orchestrator/mod.rs,rust-production,97,37,11,27.61
crates/neuralnote-core/src/ai/orchestrator/playlist.rs,rust-production,170,12,12,6.59
crates/neuralnote-core/src/ai/orchestrator/prompt.rs,rust-production,36,1,7,2.7
crates/neuralnote-core/src/ai/orchestrator/services.rs,rust-production,113,23,17,16.91
crates/neuralnote-core/src/ai/orchestrator/session.rs,rust-production,192,37,10,16.16
crates/neuralnote-core/src/ai/orchestrator/settlement.rs,rust-inline-tests,205,29,19,12.39
crates/neuralnote-core/src/ai/orchestrator/settlement.rs,rust-production,216,101,276,31.86
crates/neuralnote-core/src/ai/orchestrator/tests.rs,dedicated-tests,4079,429,325,9.52
crates/neuralnote-core/src/ai/orchestrator/tool_batch.rs,rust-production,304,57,8,15.79
crates/neuralnote-core/src/ai/orchestrator/usage.rs,rust-production,97,57,13,37.01
crates/neuralnote-core/src/ai/partial_json.rs,rust-inline-tests,133,20,17,13.07
crates/neuralnote-core/src/ai/partial_json.rs,rust-production,226,79,188,25.9
crates/neuralnote-core/src/ai/plan.rs,rust-inline-tests,235,12,35,4.86
crates/neuralnote-core/src/ai/plan.rs,rust-production,200,80,302,28.57
crates/neuralnote-core/src/ai/provider_config.rs,rust-inline-tests,1069,108,150,9.18
crates/neuralnote-core/src/ai/provider_config.rs,rust-production,369,158,1362,29.98
crates/neuralnote-core/src/ai/requirement_binaries.rs,rust-inline-tests,223,0,24,0.0
crates/neuralnote-core/src/ai/requirement_binaries.rs,rust-production,149,27,261,15.34
crates/neuralnote-core/src/ai/retrieval.rs,rust-inline-tests,664,157,69,19.12
crates/neuralnote-core/src/ai/retrieval.rs,rust-production,348,187,926,34.95
crates/neuralnote-core/src/ai/skill_activation.rs,rust-production,21,14,4,40.0
crates/neuralnote-core/src/ai/skill_tools.rs,rust-production,264,16,16,5.71
crates/neuralnote-core/src/ai/skills.rs,rust-production,484,60,41,11.03
crates/neuralnote-core/src/ai/tool_registry.rs,rust-inline-tests,39,3,6,7.14
crates/neuralnote-core/src/ai/tool_registry.rs,rust-production,95,23,56,19.49
crates/neuralnote-core/src/ai/tool_stream.rs,rust-inline-tests,528,44,38,7.69
crates/neuralnote-core/src/ai/tool_stream.rs,rust-production,199,120,635,37.62
crates/neuralnote-core/src/ai/tool_turn_reader.rs,rust-inline-tests,269,49,31,15.41
crates/neuralnote-core/src/ai/tool_turn_reader.rs,rust-production,47,53,355,53.0
crates/neuralnote-core/src/ai/tools.rs,rust-inline-tests,379,28,23,6.88
crates/neuralnote-core/src/ai/tools.rs,rust-production,526,160,470,23.32
crates/neuralnote-core/src/ai/verify.rs,rust-inline-tests,146,21,17,12.57
crates/neuralnote-core/src/ai/verify.rs,rust-production,49,43,189,46.74
crates/neuralnote-core/src/ai/write_policy.rs,rust-production,381,68,49,15.14
crates/neuralnote-core/src/ai/youtube.rs,rust-inline-tests,44,0,7,0.0
crates/neuralnote-core/src/ai/youtube.rs,rust-production,403,26,119,6.06
crates/neuralnote-core/src/ai/youtube_preview.rs,rust-production,37,51,4,57.95
crates/neuralnote-core/src/ai/youtube_route.rs,rust-production,313,34,16,9.8
crates/neuralnote-core/src/ai/youtube_selection.rs,rust-production,355,9,17,2.47
crates/neuralnote-core/src/ai/youtube_tool_errors.rs,rust-inline-tests,61,15,6,19.74
crates/neuralnote-core/src/ai/youtube_tool_errors.rs,rust-production,119,24,90,16.78
crates/neuralnote-core/src/ai/youtube_tool_schemas.rs,rust-production,81,1,2,1.22
crates/neuralnote-core/src/ai/youtube_tools.rs,rust-production,626,89,34,12.45
crates/neuralnote-core/src/backlinks.rs,rust-production,168,19,17,10.16
crates/neuralnote-core/src/capture/audio.rs,rust-production,269,27,33,9.12
crates/neuralnote-core/src/capture/audio_coverage.rs,rust-production,201,43,30,17.62
crates/neuralnote-core/src/capture/audio_coverage_tests.rs,dedicated-tests,192,6,41,3.03
crates/neuralnote-core/src/capture/audio_stream.rs,rust-production,273,26,20,8.7
crates/neuralnote-core/src/capture/audio_stream_tests.rs,dedicated-tests,18,21,6,53.85
crates/neuralnote-core/src/capture/audio_tests.rs,dedicated-tests,430,23,71,5.08
crates/neuralnote-core/src/capture/cost.rs,rust-production,76,1,8,1.3
crates/neuralnote-core/src/capture/error.rs,rust-inline-tests,130,0,11,0.0
crates/neuralnote-core/src/capture/error.rs,rust-production,123,19,152,13.38
crates/neuralnote-core/src/capture/filename.rs,rust-production,150,3,16,1.96
crates/neuralnote-core/src/capture/frontmatter.rs,rust-inline-tests,31,6,4,16.22
crates/neuralnote-core/src/capture/frontmatter.rs,rust-production,136,9,55,6.21
crates/neuralnote-core/src/capture/mod.rs,rust-production,47,3,2,6.0
crates/neuralnote-core/src/capture/profile.rs,rust-production,122,19,20,13.48
crates/neuralnote-core/src/capture/routing.rs,rust-inline-tests,28,0,3,0.0
crates/neuralnote-core/src/capture/routing.rs,rust-production,244,15,53,5.79
crates/neuralnote-core/src/capture/transcript.rs,rust-production,160,11,16,6.43
crates/neuralnote-core/src/capture/vault.rs,rust-inline-tests,25,0,3,0.0
crates/neuralnote-core/src/capture/vault.rs,rust-production,191,15,52,7.28
crates/neuralnote-core/src/capture/vtt.rs,rust-production,325,42,29,11.44
crates/neuralnote-core/src/capture/youtube.rs,rust-production,652,22,52,3.26
crates/neuralnote-core/src/capture/youtube_ids.rs,rust-production,95,9,12,8.65
crates/neuralnote-core/src/config_io.rs,rust-inline-tests,98,0,16,0.0
crates/neuralnote-core/src/config_io.rs,rust-production,46,2,119,4.17
crates/neuralnote-core/src/entries.rs,rust-production,158,88,13,35.77
crates/neuralnote-core/src/error.rs,rust-inline-tests,41,2,4,4.65
crates/neuralnote-core/src/error.rs,rust-production,86,41,59,32.28
crates/neuralnote-core/src/lib.rs,rust-inline-tests,2301,187,263,7.52
crates/neuralnote-core/src/lib.rs,rust-production,25,5,2753,16.67
crates/neuralnote-core/src/links/mask.rs,rust-production,88,17,7,16.19
crates/neuralnote-core/src/links/mod.rs,rust-production,351,58,32,14.18
crates/neuralnote-core/src/model.rs,rust-production,144,104,17,41.94
crates/neuralnote-core/src/note.rs,rust-production,329,181,27,35.49
crates/neuralnote-core/src/note_tests.rs,dedicated-tests,119,61,23,33.89
crates/neuralnote-core/src/paths.rs,rust-inline-tests,135,10,11,6.9
crates/neuralnote-core/src/paths.rs,rust-production,253,101,179,28.53
crates/neuralnote-core/src/preferences.rs,rust-production,135,4,16,2.88
crates/neuralnote-core/src/recents.rs,rust-inline-tests,56,20,8,26.32
crates/neuralnote-core/src/recents.rs,rust-production,70,16,91,18.6
crates/neuralnote-core/src/search.rs,rust-inline-tests,167,33,17,16.5
crates/neuralnote-core/src/search.rs,rust-production,893,162,285,15.36
crates/neuralnote-core/src/temp_sibling.rs,rust-inline-tests,47,16,7,25.4
crates/neuralnote-core/src/temp_sibling.rs,rust-production,41,40,75,49.38
crates/neuralnote-core/src/templates/discovery.rs,rust-inline-tests,149,24,28,13.87
crates/neuralnote-core/src/templates/discovery.rs,rust-production,272,8,221,2.86
crates/neuralnote-core/src/templates/mod.rs,rust-production,14,6,4,30.0
crates/neuralnote-core/src/templates/render.rs,rust-production,236,8,19,3.28
crates/neuralnote-core/src/templates/settings.rs,rust-production,230,1,23,0.43
crates/neuralnote-core/src/tree.rs,rust-inline-tests,35,17,5,32.69
crates/neuralnote-core/src/tree.rs,rust-production,179,60,85,25.1
crates/neuralnote-core/src/vault.rs,rust-production,38,6,4,13.64
crates/neuralnote-core/src/warning_capture.rs,rust-production,43,23,10,34.85
crates/neuralnote-core/src/workspace_state.rs,rust-production,300,17,24,5.36
crates/neuralnote-core/tests/approval_status_fixture.rs,dedicated-tests,58,38,7,39.58
crates/neuralnote-core/tests/capture_note_helpers.rs,dedicated-tests,262,0,23,0.0
crates/neuralnote-core/tests/capture_routing.rs,dedicated-tests,470,0,60,0.0
crates/neuralnote-core/tests/capture_routing_adversarial.rs,dedicated-tests,100,6,10,5.66
crates/neuralnote-core/tests/capture_transcript.rs,dedicated-tests,291,1,44,0.34
crates/neuralnote-core/tests/capture_vtt.rs,dedicated-tests,422,11,118,2.54
crates/neuralnote-core/tests/capture_youtube.rs,dedicated-tests,569,4,65,0.7
crates/neuralnote-core/tests/elicitation.rs,dedicated-tests,147,0,20,0.0
crates/neuralnote-core/tests/entries.rs,dedicated-tests,308,90,76,22.61
crates/neuralnote-core/tests/list_dir.rs,dedicated-tests,100,34,22,25.37
crates/neuralnote-core/tests/mock_ipc_contract_v1.rs,dedicated-tests,426,13,25,2.96
crates/neuralnote-core/tests/oversized_note_scans.rs,dedicated-tests,75,22,14,22.68
crates/neuralnote-core/tests/preferences_and_template_settings.rs,dedicated-tests,415,0,76,0.0
crates/neuralnote-core/tests/recents.rs,dedicated-tests,78,14,22,15.22
crates/neuralnote-core/tests/search_reader_encoding.rs,dedicated-tests,138,27,22,16.36
crates/neuralnote-core/tests/skill_orchestrator.rs,dedicated-tests,682,10,70,1.45
crates/neuralnote-core/tests/skills_bank.rs,dedicated-tests,730,12,96,1.62
crates/neuralnote-core/tests/support/mod.rs,dedicated-tests,131,32,11,19.63
crates/neuralnote-core/tests/tool_approval.rs,dedicated-tests,776,109,77,12.32
crates/neuralnote-core/tests/tool_approval_adversarial.rs,dedicated-tests,678,113,60,14.29
crates/neuralnote-core/tests/tool_skills.rs,dedicated-tests,625,27,59,4.14
crates/neuralnote-core/tests/tool_stream_preview.rs,dedicated-tests,363,61,39,14.39
crates/neuralnote-core/tests/workspace_state.rs,dedicated-tests,334,22,72,6.18
crates/neuralnote-core/tests/write_policy.rs,dedicated-tests,958,5,125,0.52
crates/neuralnote-core/tests/youtube_io.rs,dedicated-tests,109,0,13,0.0
crates/neuralnote-core/tests/youtube_orchestrator.rs,dedicated-tests,401,10,44,2.43
crates/neuralnote-core/tests/youtube_route.rs,dedicated-tests,454,23,36,4.82
crates/neuralnote-core/tests/youtube_selection.rs,dedicated-tests,837,17,70,1.99
crates/neuralnote-core/tests/youtube_support/mod.rs,dedicated-tests,235,0,21,0.0
crates/neuralnote-core/tests/youtube_support/route.rs,dedicated-tests,102,6,15,5.56
crates/neuralnote-core/tests/youtube_support/selection.rs,dedicated-tests,169,0,23,0.0
crates/neuralnote-core/tests/youtube_tool_dispatch.rs,dedicated-tests,1569,89,160,5.37
crates/neuralnote-core/tests/youtube_tool_schemas.rs,dedicated-tests,59,0,6,0.0
crates/neuralnote-release/src/bin/verify-updater-signature.rs,rust-production,27,0,5,0.0
crates/neuralnote-release/src/lib.rs,rust-inline-tests,36,0,10,0.0
crates/neuralnote-release/src/lib.rs,rust-production,23,2,49,8.0
scripts/audit-e2e-native.mjs,tooling-other,120,39,15,24.53
scripts/check-release-workflow.mjs,tooling-other,434,54,49,11.07
scripts/generate-release-notes.mjs,tooling-other,89,34,17,27.64
scripts/prepare-note-test-vault.mjs,tooling-other,118,1,9,0.84
scripts/publish-release-manifest.mjs,tooling-other,104,47,19,31.13
scripts/publish-release-manifest.test.mjs,dedicated-tests,165,35,34,17.5
scripts/verify-note-test-vault.mjs,tooling-other,36,0,3,0.0
